{"cameraMode":{"drawMode":0,"name":"Shaded","section":"Shading Mode"},"sceneLighting":true,"audioPlay":false,"sceneViewState":{"showFog":true,"showMaterialUpdate":false,"showSkybox":false,"showFlares":true,"showImageEffects":true,"showParticleSystems":true},"in2DMode":false,"pivot":{"x":-146.100830078125,"y":3.1080446243286135,"z":-7.076150894165039},"rotation":{"x":-0.06712553650140763,"y":-0.713118851184845,"z":0.06886676698923111,"w":-0.6945343017578125},"size":3.5746073722839357,"orthographic":false}